formulation_id,experiment_number,round,source_file,source_sheet,source_row,dmem_pct_raw,rpmi_10_pct_raw,xvivo_pct_raw,ar5_pct_raw,mixture_sum_pct_raw,normalisation_applied,normalisation_factor,dmem_fraction,rpmi_10_fraction,xvivo_fraction,ar5_fraction,supplied_viability_mean_pct
PBMC-E01,1,0,PBMC_Experiments.xlsx,MediaBlendingStudies,2,0.265,38.507,17.612,43.616,100.0,False,1.0,0.00265,0.38506999999999997,0.17611999999999997,0.43616,60.5832
PBMC-E02,2,0,PBMC_Experiments.xlsx,MediaBlendingStudies,3,5.1099,23.304,38.041,33.545,99.9999,True,1.000001000001,0.0510990510990511,0.23304023304023302,0.3804103804103804,0.3354503354503355,6.541675000000001
PBMC-E03,3,0,PBMC_Experiments.xlsx,MediaBlendingStudies,4,17.12,19.878,0.0471,62.955,100.0001,True,0.999999000001,0.1711998288001712,0.19877980122019878,0.000470999529000471,0.6295493704506295,40.4
PBMC-E04,4,0,PBMC_Experiments.xlsx,MediaBlendingStudies,5,8.0741,0.1084,52.161,39.657,100.0005,True,0.9999950000249999,0.0807405962970185,0.0010839945800270997,0.5216073919630402,0.39656801715991413,40.2668
PBMC-E05,5,0,PBMC_Experiments.xlsx,MediaBlendingStudies,6,54.5,19.302,0.7533,25.444,99.9993,True,1.0000070000490002,0.5450038150267051,0.19302135114945804,0.007533052731369119,0.2544417810924676,41.7334
PBMC-E06,6,0,PBMC_Experiments.xlsx,MediaBlendingStudies,7,0.1111,67.787,21.034,11.068,100.0001,True,0.999999000001,0.001110998889001111,0.6778693221306779,0.21033978966021033,0.11067988932011068,50.3832
PBMC-E07,7,1,PBMC_Experiments.xlsx,MediaBlendingStudies,8,29.1,31.8,33.8,5.2,99.9,True,1.0010010010010009,0.2912912912912913,0.3183183183183183,0.3383383383383383,0.05205205205205205,48.02766666666667
PBMC-E08,8,1,PBMC_Experiments.xlsx,MediaBlendingStudies,9,32.9,28.1,8.4,30.5,99.9,True,1.0010010010010009,0.3293293293293293,0.28128128128128127,0.08408408408408408,0.3053053053053053,48.639
PBMC-E09,9,1,PBMC_Experiments.xlsx,MediaBlendingStudies,10,60.4,19.8,14.3,5.4,99.9,True,1.0010010010010009,0.6046046046046045,0.1981981981981982,0.14314314314314314,0.05405405405405406,46.9
PBMC-E10,10,1,PBMC_Experiments.xlsx,MediaBlendingStudies,11,24.4,39.3,0.2,36.1,100.0,False,1.0,0.244,0.39299999999999996,0.002,0.361,48.15
PBMC-E11,11,1,PBMC_Experiments.xlsx,MediaBlendingStudies,12,9.1,26.2,38.1,26.6,100.0,False,1.0,0.091,0.262,0.381,0.266,44.125
PBMC-E12,12,1,PBMC_Experiments.xlsx,MediaBlendingStudies,13,44.5,35.6,0.1,19.8,100.0,False,1.0,0.445,0.35600000000000004,0.001,0.198,68.05019999999999
PBMC-E13,13,2,PBMC_Experiments.xlsx,MediaBlendingStudies,14,20.8,22.2,38.0,19.0,100.0,False,1.0,0.20800000000000002,0.222,0.38,0.19,45.41675
PBMC-E14,14,2,PBMC_Experiments.xlsx,MediaBlendingStudies,15,26.6,36.8,0.1,36.5,100.0,False,1.0,0.266,0.368,0.001,0.365,7.52285
PBMC-E15,15,2,PBMC_Experiments.xlsx,MediaBlendingStudies,16,48.9,39.0,0.1,11.9,99.9,True,1.0010010010010009,0.48948948948948945,0.39039039039039036,0.001001001001001001,0.11911911911911911,55.316599999999994
PBMC-E16,16,2,PBMC_Experiments.xlsx,MediaBlendingStudies,17,77.2,15.0,4.2,3.5,99.9,True,1.0010010010010009,0.7727727727727728,0.15015015015015015,0.04204204204204204,0.035035035035035036,46.14575
PBMC-E17,17,2,PBMC_Experiments.xlsx,MediaBlendingStudies,18,77.1,0.9,1.7,20.3,100.0,False,1.0,0.7709999999999999,0.009000000000000001,0.017,0.203,42.87525
PBMC-E18,18,2,PBMC_Experiments.xlsx,MediaBlendingStudies,19,77.4,11.2,9.4,2.0,100.0,False,1.0,0.774,0.11199999999999999,0.094,0.02,56.45825
PBMC-E19,19,3,PBMC_Experiments.xlsx,MediaBlendingStudies,20,44.7,20.1,19.6,15.7,100.10000000000001,True,0.9990009990009989,0.44655344655344653,0.2007992007992008,0.1958041958041958,0.15684315684315683,81.0
PBMC-E20,20,3,PBMC_Experiments.xlsx,MediaBlendingStudies,21,44.3,18.1,17.5,20.1,100.0,False,1.0,0.44299999999999995,0.18100000000000002,0.175,0.201,76.5
PBMC-E21,21,3,PBMC_Experiments.xlsx,MediaBlendingStudies,22,44.5,0.0,0.0,55.5,100.0,False,1.0,0.445,0.0,0.0,0.555,71.25
PBMC-E22,22,3,PBMC_Experiments.xlsx,MediaBlendingStudies,23,44.4,32.8,0.1,22.7,100.0,False,1.0,0.444,0.32799999999999996,0.001,0.22699999999999998,67.4
PBMC-E23,23,3,PBMC_Experiments.xlsx,MediaBlendingStudies,24,44.9,21.2,17.6,16.2,99.9,True,1.0010010010010009,0.4494494494494494,0.2122122122122122,0.17617617617617617,0.16216216216216214,71.5
PBMC-E24,24,3,PBMC_Experiments.xlsx,MediaBlendingStudies,25,44.0,27.5,13.2,15.4,100.1,True,0.999000999000999,0.4395604395604396,0.27472527472527475,0.13186813186813187,0.15384615384615385,68.25
