formulation_id,experiment_number,round,formulation_group,dmem_fraction,rpmi_10_fraction,xvivo_fraction,ar5_fraction,mixture_sum_pct_raw,normalisation_applied,assay,timepoint_hours,n_readings,viability_mean_pct,viability_sd_pct_points,viability_sem_pct_points,mean_noise_variance_proxy,supplied_mean_difference_pct_points,noise_interpretation,blend_cost_per_litre,cost_currency,cost_status
PBMC-E01,1,0,blend-4f7aece60582,0.00265,0.38506999999999997,0.17611999999999997,0.43616,100.0,False,AOPI viable-cell assay,72,5,60.5832,9.40011894605595,4.203860991992957,17.672447240000004,0.0,Reported-reading spread; donor/pool identities unknown; SEM assumes independence,176.16707999999997,EUR,calculated_from_supplied_inputs
PBMC-E02,2,0,blend-084640175a88,0.0510990510990511,0.23304023304023302,0.3804103804103804,0.3354503354503355,99.9999,True,AOPI viable-cell assay,72,4,6.541675,1.4774019366780322,0.7387009683390161,0.545679120625,-8.881784197001252e-16,Reported-reading spread; donor/pool identities unknown; SEM assumes independence,178.06972417972418,EUR,calculated_from_supplied_inputs
PBMC-E03,3,0,blend-78d53012a6a2,0.1711998288001712,0.19877980122019878,0.000470999529000471,0.6295493704506295,100.0001,True,AOPI viable-cell assay,72,5,40.4,12.735499381649705,5.695488468955055,32.4385889,0.0,Reported-reading spread; donor/pool identities unknown; SEM assumes independence,178.48648151351847,EUR,calculated_from_supplied_inputs
PBMC-E04,4,0,blend-eca45c5c2f8c,0.0807405962970185,0.0010839945800270997,0.5216073919630402,0.39656801715991413,100.0005,True,AOPI viable-cell assay,72,5,40.2668,3.3969606562337455,1.5191669888461898,2.3078683399999997,0.0,Reported-reading spread; donor/pool identities unknown; SEM assumes independence,180.97751440242797,EUR,calculated_from_supplied_inputs
PBMC-E05,5,0,blend-e123eb5d2b18,0.5450038150267051,0.19302135114945804,0.007533052731369119,0.2544417810924676,99.9993,True,AOPI viable-cell assay,72,5,41.7334,11.3093442250203,5.057692493618014,25.580253360000007,0.0,Reported-reading spread; donor/pool identities unknown; SEM assumes independence,178.51763162342135,EUR,calculated_from_supplied_inputs
PBMC-E06,6,0,blend-e39bf082e406,0.001110998889001111,0.6778693221306779,0.21033978966021033,0.11067988932011068,100.0001,True,AOPI viable-cell assay,72,5,50.3832,6.549290892913523,2.9289319281949866,8.578642240000002,0.0,Reported-reading spread; donor/pool identities unknown; SEM assumes independence,172.4926177973822,EUR,calculated_from_supplied_inputs
PBMC-E07,7,1,blend-e461bca8d20b,0.2912912912912913,0.3183183183183183,0.3383383383383383,0.05205205205205205,99.9,True,AOPI viable-cell assay,72,3,48.02766666666667,12.710750777720932,7.3385553831194255,53.854395111111096,0.0,Reported-reading spread; donor/pool identities unknown; SEM assumes independence,176.97306306306302,EUR,calculated_from_supplied_inputs
PBMC-E08,8,1,blend-5b1240734434,0.3293293293293293,0.28128128128128127,0.08408408408408408,0.3053053053053053,99.9,True,AOPI viable-cell assay,72,3,48.639,3.9523996508450416,2.2819190023603677,5.207154333333335,0.0,Reported-reading spread; donor/pool identities unknown; SEM assumes independence,177.43369369369367,EUR,calculated_from_supplied_inputs
PBMC-E09,9,1,blend-d92803106cf2,0.6046046046046045,0.1981981981981982,0.14314314314314314,0.05405405405405406,99.9,True,AOPI viable-cell assay,72,5,46.9,12.912542894410846,5.774664734856908,33.346752800000004,0.0,Reported-reading spread; donor/pool identities unknown; SEM assumes independence,178.44610610610607,EUR,calculated_from_supplied_inputs
PBMC-E10,10,1,blend-6eb9e80583fc,0.244,0.39299999999999996,0.002,0.361,100.0,False,AOPI viable-cell assay,72,5,48.15,5.563975152712311,2.4882853333169006,6.1915638999999985,0.0,Reported-reading spread; donor/pool identities unknown; SEM assumes independence,176.04100999999997,EUR,calculated_from_supplied_inputs
PBMC-E11,11,1,blend-996608b30506,0.091,0.262,0.381,0.266,100.0,False,AOPI viable-cell assay,72,4,44.125,6.401999114859879,3.2009995574299395,10.246398166666669,0.0,Reported-reading spread; donor/pool identities unknown; SEM assumes independence,177.70189,EUR,calculated_from_supplied_inputs
PBMC-E12,12,1,blend-27daf99b9651,0.445,0.35600000000000004,0.001,0.198,100.0,False,AOPI viable-cell assay,72,5,68.0502,11.143906034241315,4.983706285486735,24.837328339999996,1.4210854715202004e-14,Reported-reading spread; donor/pool identities unknown; SEM assumes independence,176.48325,EUR,calculated_from_supplied_inputs
PBMC-E13,13,2,blend-74a3cdf42594,0.20800000000000002,0.222,0.38,0.19,100.0,False,AOPI viable-cell assay,72,4,45.41675,6.637681441336777,3.3188407206683883,11.014703729166666,0.0,Reported-reading spread; donor/pool identities unknown; SEM assumes independence,178.19102,EUR,calculated_from_supplied_inputs
PBMC-E14,14,2,blend-99f75b48da1e,0.266,0.368,0.001,0.365,100.0,False,AOPI viable-cell assay,72,4,7.52285,2.6955381831216316,1.3477690915608158,1.816481524166667,0.0,Reported-reading spread; donor/pool identities unknown; SEM assumes independence,176.35234,EUR,calculated_from_supplied_inputs
PBMC-E15,15,2,blend-4a4ced3ea3c5,0.48948948948948945,0.39039039039039036,0.001001001001001001,0.11911911911911911,99.9,True,AOPI viable-cell assay,72,5,55.3166,5.137010054496681,2.2973407365908955,5.277774459999998,7.105427357601002e-15,Reported-reading spread; donor/pool identities unknown; SEM assumes independence,176.04675675675674,EUR,calculated_from_supplied_inputs
PBMC-E16,16,2,blend-653aad28e935,0.7727727727727728,0.15015015015015015,0.04204204204204204,0.035035035035035036,99.9,True,AOPI viable-cell assay,72,4,46.14575,7.707457314186046,3.853728657093023,14.851224562499995,0.0,Reported-reading spread; donor/pool identities unknown; SEM assumes independence,179.0306106106106,EUR,calculated_from_supplied_inputs
PBMC-E17,17,2,blend-2bcd91b56e19,0.7709999999999999,0.009000000000000001,0.017,0.203,100.0,False,AOPI viable-cell assay,72,4,42.87525,6.277868978934387,3.1389344894671933,9.852909729166669,0.0,Reported-reading spread; donor/pool identities unknown; SEM assumes independence,180.80223999999998,EUR,calculated_from_supplied_inputs
PBMC-E18,18,2,blend-001c25dec13f,0.774,0.11199999999999999,0.094,0.02,100.0,False,AOPI viable-cell assay,72,4,56.45825,14.484229294304892,7.242114647152446,52.4482245625,0.0,Reported-reading spread; donor/pool identities unknown; SEM assumes independence,179.50925999999998,EUR,calculated_from_supplied_inputs
PBMC-E19,19,3,blend-68c1b7a54c40,0.44655344655344653,0.2007992007992008,0.1958041958041958,0.15684315684315683,100.10000000000001,True,AOPI viable-cell assay,72,5,81.0,8.093207028119323,3.6193922141707713,13.1,0.0,Reported-reading spread; donor/pool identities unknown; SEM assumes independence,178.43084915084913,EUR,calculated_from_supplied_inputs
PBMC-E20,20,3,blend-cf8a5c25a356,0.44299999999999995,0.18100000000000002,0.175,0.201,100.0,False,AOPI viable-cell assay,72,2,76.5,14.849242404917497,10.5,110.25,0.0,Reported-reading spread; donor/pool identities unknown; SEM assumes independence,178.67971999999997,EUR,calculated_from_supplied_inputs
PBMC-E21,21,3,blend-35147276ce8e,0.445,0.0,0.0,0.555,100.0,False,AOPI viable-cell assay,72,4,71.25,13.225606476327151,6.6128032381635755,43.729166666666664,0.0,Reported-reading spread; donor/pool identities unknown; SEM assumes independence,180.95105,EUR,calculated_from_supplied_inputs
PBMC-E22,22,3,blend-ae2253fc77e8,0.444,0.32799999999999996,0.001,0.22699999999999998,100.0,False,AOPI viable-cell assay,72,5,67.4,9.633275663033837,4.308131845707603,18.56,0.0,Reported-reading spread; donor/pool identities unknown; SEM assumes independence,176.83476,EUR,calculated_from_supplied_inputs
PBMC-E23,23,3,blend-42f8a4bbc100,0.4494494494494494,0.2122122122122122,0.17617617617617617,0.16216216216216214,99.9,True,AOPI viable-cell assay,72,4,71.5,17.01959654829299,8.509798274146496,72.41666666666667,0.0,Reported-reading spread; donor/pool identities unknown; SEM assumes independence,178.28729729729727,EUR,calculated_from_supplied_inputs
PBMC-E24,24,3,blend-879e96b1f205,0.4395604395604396,0.27472527472527475,0.13186813186813187,0.15384615384615385,100.1,True,AOPI viable-cell assay,72,4,68.25,8.421203397773187,4.2106016988865935,17.729166666666668,0.0,Reported-reading spread; donor/pool identities unknown; SEM assumes independence,177.50384615384615,EUR,calculated_from_supplied_inputs
