measurement_id,formulation_id,source_reading_label,viability_pct,assay,timepoint_hours,source_file,source_sheet,source_row
PBMC-E01-Via1,PBMC-E01,Via1,49.083,AOPI viable-cell assay,72,PBMC_Experiments.xlsx,MediaBlendingStudies,2
PBMC-E01-Via2,PBMC-E01,Via2,71.5,AOPI viable-cell assay,72,PBMC_Experiments.xlsx,MediaBlendingStudies,2
PBMC-E01-Via3,PBMC-E01,Via3,57.833,AOPI viable-cell assay,72,PBMC_Experiments.xlsx,MediaBlendingStudies,2
PBMC-E01-Via4,PBMC-E01,Via4,55.583,AOPI viable-cell assay,72,PBMC_Experiments.xlsx,MediaBlendingStudies,2
PBMC-E01-Via5,PBMC-E01,Via5,68.917,AOPI viable-cell assay,72,PBMC_Experiments.xlsx,MediaBlendingStudies,2
PBMC-E02-Via1,PBMC-E02,Via1,8.1167,AOPI viable-cell assay,72,PBMC_Experiments.xlsx,MediaBlendingStudies,3
PBMC-E02-Via2,PBMC-E02,Via2,6.6667,AOPI viable-cell assay,72,PBMC_Experiments.xlsx,MediaBlendingStudies,3
PBMC-E02-Via3,PBMC-E02,Via3,6.8333,AOPI viable-cell assay,72,PBMC_Experiments.xlsx,MediaBlendingStudies,3
PBMC-E02-Via4,PBMC-E02,Via4,4.55,AOPI viable-cell assay,72,PBMC_Experiments.xlsx,MediaBlendingStudies,3
PBMC-E03-Via1,PBMC-E03,Via1,48.167,AOPI viable-cell assay,72,PBMC_Experiments.xlsx,MediaBlendingStudies,4
PBMC-E03-Via2,PBMC-E03,Via2,23.833,AOPI viable-cell assay,72,PBMC_Experiments.xlsx,MediaBlendingStudies,4
PBMC-E03-Via3,PBMC-E03,Via3,31.5,AOPI viable-cell assay,72,PBMC_Experiments.xlsx,MediaBlendingStudies,4
PBMC-E03-Via4,PBMC-E03,Via4,43.0,AOPI viable-cell assay,72,PBMC_Experiments.xlsx,MediaBlendingStudies,4
PBMC-E03-Via5,PBMC-E03,Via5,55.5,AOPI viable-cell assay,72,PBMC_Experiments.xlsx,MediaBlendingStudies,4
PBMC-E04-Via1,PBMC-E04,Via1,37.5,AOPI viable-cell assay,72,PBMC_Experiments.xlsx,MediaBlendingStudies,5
PBMC-E04-Via2,PBMC-E04,Via2,39.25,AOPI viable-cell assay,72,PBMC_Experiments.xlsx,MediaBlendingStudies,5
PBMC-E04-Via3,PBMC-E04,Via3,37.417,AOPI viable-cell assay,72,PBMC_Experiments.xlsx,MediaBlendingStudies,5
PBMC-E04-Via4,PBMC-E04,Via4,45.5,AOPI viable-cell assay,72,PBMC_Experiments.xlsx,MediaBlendingStudies,5
PBMC-E04-Via5,PBMC-E04,Via5,41.667,AOPI viable-cell assay,72,PBMC_Experiments.xlsx,MediaBlendingStudies,5
PBMC-E05-Via1,PBMC-E05,Via1,44.167,AOPI viable-cell assay,72,PBMC_Experiments.xlsx,MediaBlendingStudies,6
PBMC-E05-Via2,PBMC-E05,Via2,50.917,AOPI viable-cell assay,72,PBMC_Experiments.xlsx,MediaBlendingStudies,6
PBMC-E05-Via3,PBMC-E05,Via3,52.667,AOPI viable-cell assay,72,PBMC_Experiments.xlsx,MediaBlendingStudies,6
PBMC-E05-Via4,PBMC-E05,Via4,25.583,AOPI viable-cell assay,72,PBMC_Experiments.xlsx,MediaBlendingStudies,6
PBMC-E05-Via5,PBMC-E05,Via5,35.333,AOPI viable-cell assay,72,PBMC_Experiments.xlsx,MediaBlendingStudies,6
PBMC-E06-Via1,PBMC-E06,Via1,46.083,AOPI viable-cell assay,72,PBMC_Experiments.xlsx,MediaBlendingStudies,7
PBMC-E06-Via2,PBMC-E06,Via2,53.833,AOPI viable-cell assay,72,PBMC_Experiments.xlsx,MediaBlendingStudies,7
PBMC-E06-Via3,PBMC-E06,Via3,44.25,AOPI viable-cell assay,72,PBMC_Experiments.xlsx,MediaBlendingStudies,7
PBMC-E06-Via4,PBMC-E06,Via4,47.583,AOPI viable-cell assay,72,PBMC_Experiments.xlsx,MediaBlendingStudies,7
PBMC-E06-Via5,PBMC-E06,Via5,60.167,AOPI viable-cell assay,72,PBMC_Experiments.xlsx,MediaBlendingStudies,7
PBMC-E07-Via1,PBMC-E07,Via1,48.333,AOPI viable-cell assay,72,PBMC_Experiments.xlsx,MediaBlendingStudies,8
PBMC-E07-Via2,PBMC-E07,Via2,35.167,AOPI viable-cell assay,72,PBMC_Experiments.xlsx,MediaBlendingStudies,8
PBMC-E07-Via3,PBMC-E07,Via3,60.583,AOPI viable-cell assay,72,PBMC_Experiments.xlsx,MediaBlendingStudies,8
PBMC-E08-Via1,PBMC-E08,Via1,44.25,AOPI viable-cell assay,72,PBMC_Experiments.xlsx,MediaBlendingStudies,9
PBMC-E08-Via2,PBMC-E08,Via2,49.75,AOPI viable-cell assay,72,PBMC_Experiments.xlsx,MediaBlendingStudies,9
PBMC-E08-Via3,PBMC-E08,Via3,51.917,AOPI viable-cell assay,72,PBMC_Experiments.xlsx,MediaBlendingStudies,9
PBMC-E09-Via1,PBMC-E09,Via1,37.167,AOPI viable-cell assay,72,PBMC_Experiments.xlsx,MediaBlendingStudies,10
PBMC-E09-Via2,PBMC-E09,Via2,36.25,AOPI viable-cell assay,72,PBMC_Experiments.xlsx,MediaBlendingStudies,10
PBMC-E09-Via3,PBMC-E09,Via3,61.167,AOPI viable-cell assay,72,PBMC_Experiments.xlsx,MediaBlendingStudies,10
PBMC-E09-Via4,PBMC-E09,Via4,39.083,AOPI viable-cell assay,72,PBMC_Experiments.xlsx,MediaBlendingStudies,10
PBMC-E09-Via5,PBMC-E09,Via5,60.833,AOPI viable-cell assay,72,PBMC_Experiments.xlsx,MediaBlendingStudies,10
PBMC-E10-Via1,PBMC-E10,Via1,43.417,AOPI viable-cell assay,72,PBMC_Experiments.xlsx,MediaBlendingStudies,11
PBMC-E10-Via2,PBMC-E10,Via2,42.5,AOPI viable-cell assay,72,PBMC_Experiments.xlsx,MediaBlendingStudies,11
PBMC-E10-Via3,PBMC-E10,Via3,47.0,AOPI viable-cell assay,72,PBMC_Experiments.xlsx,MediaBlendingStudies,11
PBMC-E10-Via4,PBMC-E10,Via4,54.833,AOPI viable-cell assay,72,PBMC_Experiments.xlsx,MediaBlendingStudies,11
PBMC-E10-Via5,PBMC-E10,Via5,53.0,AOPI viable-cell assay,72,PBMC_Experiments.xlsx,MediaBlendingStudies,11
PBMC-E11-Via1,PBMC-E11,Via1,38.583,AOPI viable-cell assay,72,PBMC_Experiments.xlsx,MediaBlendingStudies,12
PBMC-E11-Via2,PBMC-E11,Via2,52.0,AOPI viable-cell assay,72,PBMC_Experiments.xlsx,MediaBlendingStudies,12
PBMC-E11-Via3,PBMC-E11,Via3,46.667,AOPI viable-cell assay,72,PBMC_Experiments.xlsx,MediaBlendingStudies,12
PBMC-E11-Via4,PBMC-E11,Via4,39.25,AOPI viable-cell assay,72,PBMC_Experiments.xlsx,MediaBlendingStudies,12
PBMC-E12-Via1,PBMC-E12,Via1,76.75,AOPI viable-cell assay,72,PBMC_Experiments.xlsx,MediaBlendingStudies,13
PBMC-E12-Via2,PBMC-E12,Via2,77.0,AOPI viable-cell assay,72,PBMC_Experiments.xlsx,MediaBlendingStudies,13
PBMC-E12-Via3,PBMC-E12,Via3,60.167,AOPI viable-cell assay,72,PBMC_Experiments.xlsx,MediaBlendingStudies,13
PBMC-E12-Via4,PBMC-E12,Via4,73.917,AOPI viable-cell assay,72,PBMC_Experiments.xlsx,MediaBlendingStudies,13
PBMC-E12-Via5,PBMC-E12,Via5,52.417,AOPI viable-cell assay,72,PBMC_Experiments.xlsx,MediaBlendingStudies,13
PBMC-E13-Via1,PBMC-E13,Via1,55.25,AOPI viable-cell assay,72,PBMC_Experiments.xlsx,MediaBlendingStudies,14
PBMC-E13-Via3,PBMC-E13,Via3,41.167,AOPI viable-cell assay,72,PBMC_Experiments.xlsx,MediaBlendingStudies,14
PBMC-E13-Via4,PBMC-E13,Via4,41.667,AOPI viable-cell assay,72,PBMC_Experiments.xlsx,MediaBlendingStudies,14
PBMC-E13-Via5,PBMC-E13,Via5,43.583,AOPI viable-cell assay,72,PBMC_Experiments.xlsx,MediaBlendingStudies,14
PBMC-E14-Via1,PBMC-E14,Via1,4.55,AOPI viable-cell assay,72,PBMC_Experiments.xlsx,MediaBlendingStudies,15
PBMC-E14-Via2,PBMC-E14,Via2,7.4667,AOPI viable-cell assay,72,PBMC_Experiments.xlsx,MediaBlendingStudies,15
PBMC-E14-Via3,PBMC-E14,Via3,11.083,AOPI viable-cell assay,72,PBMC_Experiments.xlsx,MediaBlendingStudies,15
PBMC-E14-Via4,PBMC-E14,Via4,6.9917,AOPI viable-cell assay,72,PBMC_Experiments.xlsx,MediaBlendingStudies,15
PBMC-E15-Via1,PBMC-E15,Via1,49.167,AOPI viable-cell assay,72,PBMC_Experiments.xlsx,MediaBlendingStudies,16
PBMC-E15-Via2,PBMC-E15,Via2,55.0,AOPI viable-cell assay,72,PBMC_Experiments.xlsx,MediaBlendingStudies,16
PBMC-E15-Via3,PBMC-E15,Via3,61.333,AOPI viable-cell assay,72,PBMC_Experiments.xlsx,MediaBlendingStudies,16
PBMC-E15-Via4,PBMC-E15,Via4,59.5,AOPI viable-cell assay,72,PBMC_Experiments.xlsx,MediaBlendingStudies,16
PBMC-E15-Via5,PBMC-E15,Via5,51.583,AOPI viable-cell assay,72,PBMC_Experiments.xlsx,MediaBlendingStudies,16
PBMC-E16-Via1,PBMC-E16,Via1,40.5,AOPI viable-cell assay,72,PBMC_Experiments.xlsx,MediaBlendingStudies,17
PBMC-E16-Via2,PBMC-E16,Via2,55.833,AOPI viable-cell assay,72,PBMC_Experiments.xlsx,MediaBlendingStudies,17
PBMC-E16-Via3,PBMC-E16,Via3,39.417,AOPI viable-cell assay,72,PBMC_Experiments.xlsx,MediaBlendingStudies,17
PBMC-E16-Via4,PBMC-E16,Via4,48.833,AOPI viable-cell assay,72,PBMC_Experiments.xlsx,MediaBlendingStudies,17
PBMC-E17-Via1,PBMC-E17,Via1,43.167,AOPI viable-cell assay,72,PBMC_Experiments.xlsx,MediaBlendingStudies,18
PBMC-E17-Via2,PBMC-E17,Via2,49.167,AOPI viable-cell assay,72,PBMC_Experiments.xlsx,MediaBlendingStudies,18
PBMC-E17-Via3,PBMC-E17,Via3,34.25,AOPI viable-cell assay,72,PBMC_Experiments.xlsx,MediaBlendingStudies,18
PBMC-E17-Via5,PBMC-E17,Via5,44.917,AOPI viable-cell assay,72,PBMC_Experiments.xlsx,MediaBlendingStudies,18
PBMC-E18-Via1,PBMC-E18,Via1,36.333,AOPI viable-cell assay,72,PBMC_Experiments.xlsx,MediaBlendingStudies,19
PBMC-E18-Via2,PBMC-E18,Via2,57.417,AOPI viable-cell assay,72,PBMC_Experiments.xlsx,MediaBlendingStudies,19
PBMC-E18-Via3,PBMC-E18,Via3,61.583,AOPI viable-cell assay,72,PBMC_Experiments.xlsx,MediaBlendingStudies,19
PBMC-E18-Via4,PBMC-E18,Via4,70.5,AOPI viable-cell assay,72,PBMC_Experiments.xlsx,MediaBlendingStudies,19
PBMC-E19-Via1,PBMC-E19,Via1,74.0,AOPI viable-cell assay,72,PBMC_Experiments.xlsx,MediaBlendingStudies,20
PBMC-E19-Via2,PBMC-E19,Via2,89.0,AOPI viable-cell assay,72,PBMC_Experiments.xlsx,MediaBlendingStudies,20
PBMC-E19-Via3,PBMC-E19,Via3,73.0,AOPI viable-cell assay,72,PBMC_Experiments.xlsx,MediaBlendingStudies,20
PBMC-E19-Via4,PBMC-E19,Via4,90.0,AOPI viable-cell assay,72,PBMC_Experiments.xlsx,MediaBlendingStudies,20
PBMC-E19-Via5,PBMC-E19,Via5,79.0,AOPI viable-cell assay,72,PBMC_Experiments.xlsx,MediaBlendingStudies,20
PBMC-E20-Via1,PBMC-E20,Via1,87.0,AOPI viable-cell assay,72,PBMC_Experiments.xlsx,MediaBlendingStudies,21
PBMC-E20-Via2,PBMC-E20,Via2,66.0,AOPI viable-cell assay,72,PBMC_Experiments.xlsx,MediaBlendingStudies,21
PBMC-E21-Via1,PBMC-E21,Via1,90.0,AOPI viable-cell assay,72,PBMC_Experiments.xlsx,MediaBlendingStudies,22
PBMC-E21-Via2,PBMC-E21,Via2,67.0,AOPI viable-cell assay,72,PBMC_Experiments.xlsx,MediaBlendingStudies,22
PBMC-E21-Via3,PBMC-E21,Via3,69.0,AOPI viable-cell assay,72,PBMC_Experiments.xlsx,MediaBlendingStudies,22
PBMC-E21-Via4,PBMC-E21,Via4,59.0,AOPI viable-cell assay,72,PBMC_Experiments.xlsx,MediaBlendingStudies,22
PBMC-E22-Via1,PBMC-E22,Via1,82.0,AOPI viable-cell assay,72,PBMC_Experiments.xlsx,MediaBlendingStudies,23
PBMC-E22-Via2,PBMC-E22,Via2,63.0,AOPI viable-cell assay,72,PBMC_Experiments.xlsx,MediaBlendingStudies,23
PBMC-E22-Via3,PBMC-E22,Via3,70.0,AOPI viable-cell assay,72,PBMC_Experiments.xlsx,MediaBlendingStudies,23
PBMC-E22-Via4,PBMC-E22,Via4,66.0,AOPI viable-cell assay,72,PBMC_Experiments.xlsx,MediaBlendingStudies,23
PBMC-E22-Via5,PBMC-E22,Via5,56.0,AOPI viable-cell assay,72,PBMC_Experiments.xlsx,MediaBlendingStudies,23
PBMC-E23-Via1,PBMC-E23,Via1,76.0,AOPI viable-cell assay,72,PBMC_Experiments.xlsx,MediaBlendingStudies,24
PBMC-E23-Via2,PBMC-E23,Via2,69.0,AOPI viable-cell assay,72,PBMC_Experiments.xlsx,MediaBlendingStudies,24
PBMC-E23-Via3,PBMC-E23,Via3,50.0,AOPI viable-cell assay,72,PBMC_Experiments.xlsx,MediaBlendingStudies,24
PBMC-E23-Via4,PBMC-E23,Via4,91.0,AOPI viable-cell assay,72,PBMC_Experiments.xlsx,MediaBlendingStudies,24
PBMC-E24-Via1,PBMC-E24,Via1,71.0,AOPI viable-cell assay,72,PBMC_Experiments.xlsx,MediaBlendingStudies,25
PBMC-E24-Via2,PBMC-E24,Via2,58.0,AOPI viable-cell assay,72,PBMC_Experiments.xlsx,MediaBlendingStudies,25
PBMC-E24-Via3,PBMC-E24,Via3,66.0,AOPI viable-cell assay,72,PBMC_Experiments.xlsx,MediaBlendingStudies,25
PBMC-E24-Via4,PBMC-E24,Via4,78.0,AOPI viable-cell assay,72,PBMC_Experiments.xlsx,MediaBlendingStudies,25
