Expt #,Round,DMEM,RPMI-10,XVIVO,AR5,Via1,Via2,Via3,Via4,Via5,,Average Viability [%]
1,0,0.265,38.507,17.612,43.616,49.083,71.5,57.833,55.583,68.917,,60.5832
2,0,5.1099,23.304,38.041,33.545,8.1167,6.6667,6.8333,4.55,,,6.541675000000001
3,0,17.12,19.878,0.0471,62.955,48.167,23.833,31.5,43,55.5,,40.4
4,0,8.0741,0.1084,52.161,39.657,37.5,39.25,37.417,45.5,41.667,,40.2668
5,0,54.5,19.302,0.7533,25.444,44.167,50.917,52.667,25.583,35.333,,41.7334
6,0,0.1111,67.787,21.034,11.068,46.083,53.833,44.25,47.583,60.167,,50.3832
7,1,29.1,31.8,33.8,5.2,48.333,35.167,60.583,,,,48.02766666666667
8,1,32.9,28.1,8.4,30.5,44.25,49.75,51.917,,,,48.639
9,1,60.4,19.8,14.3,5.4,37.167,36.25,61.167,39.083,60.833,,46.9
10,1,24.4,39.3,0.2,36.1,43.417,42.5,47,54.833,53,,48.15
11,1,9.1,26.2,38.1,26.6,38.583,52,46.667,39.25,,,44.125
12,1,44.5,35.6,0.1,19.8,76.75,77,60.167,73.917,52.417,,68.05019999999999
13,2,20.8,22.2,38,19,55.25,,41.167,41.667,43.583,,45.41675
14,2,26.6,36.8,0.1,36.5,4.55,7.4667,11.083,6.9917,,,7.52285
15,2,48.9,39,0.1,11.9,49.167,55,61.333,59.5,51.583,,55.316599999999994
16,2,77.2,15,4.2,3.5,40.5,55.833,39.417,48.833,,,46.14575
17,2,77.1,0.9,1.7,20.3,43.167,49.167,34.25,,44.917,,42.87525
18,2,77.4,11.2,9.4,2,36.333,57.417,61.583,70.5,,,56.45825
19,3,44.7,20.1,19.6,15.7,74,89,73,90,79,,81
20,3,44.3,18.1,17.5,20.1,87,66,,,,,76.5
21,3,44.5,0,0,55.5,90,67,69,59,,,71.25
22,3,44.4,32.8,0.1,22.7,82,63,70,66,56,,67.4
23,3,44.9,21.2,17.6,16.2,76,69,50,91,,,71.5
24,3,44,27.5,13.2,15.4,71,58,66,78,,,68.25
