,Cytokine Composition [log (Conc)],,,,,,,,,Total Viability [%],,,Lympocytic subpoluation cell difference [%],,
,IL-2,IL-3,IL-4,IL-7,IL-12,IL-15,IL-21,BAFF,,Replicate1,Replicate2,,B Cells,NK Cells,T Cells
C,0,0,0,0,0,0,0,0,,-34.5833,-32.6667,,-70.6849,-62.9464,35.66334
1,0.8,0.5,1.2,0.6,0.9,0.5,1.7,0.5,,-8.33333,-2.5,,-63.1507,-41.0714,31.52639
2,0.9,1.2,1.1,0.4,1.5,0.4,2.1,0.1,,-8.33333,-4.16667,,-59.5205,-27.6786,27.10414
3,0.5,1,0.4,0.5,1.3,0.1,1.1,0.4,,-31.75,-5.83333,,-48.6301,-25.5357,28.81598
4,0.2,0.8,0.7,0.7,1.8,0.6,1.9,0.3,,-36.3333,-23.75,,-54.0411,-29.8214,25.3923
5,0.7,1.4,1.2,0.8,1.9,0.7,1.5,0.2,,10,-3.33333,,-51.3014,-29.7321,15.69187
6,0.9,1.4,0.9,0.2,1.7,0.3,2,0.3,,-68.5833,-63.8333,,-70.6849,-62.9464,35.66334
7,0.7,1,0.8,0.1,1.3,0.3,1.6,0.1,,-50.1,-45.6,,-37.7143,-34.4068,17.02128
8,0.5,0.5,0.7,0.1,0.9,0.3,1.8,0,,-92.1,-67,,-32.5714,-38.8136,14.89362
9,0.5,0.4,0.6,0.1,0.9,0.3,1.8,0,,-66.5,-53.6,,-27.1429,-31.4407,11.06383
10,0.9,0.1,1.2,0.2,1.6,0.4,1.7,0.1,,-8.4,-4.3,,-22.1429,-18.8983,5.248227
11,0.7,0.7,1.3,0.4,1.5,0.4,1.9,0.2,,4.6,20.6,,0.714286,-4.23729,3.404255
12,0.5,0.2,1.5,0.4,1.5,0.2,1.9,0.1,,-77.9,-59.9,,-1.42857,9.322034,3.829787
