scenario,fbs_multiplier,ar5_multiplier,dmem_eur_per_litre,rpmi_10_eur_per_litre,xvivo_eur_per_litre,ar5_eur_per_litre
fbs_x0.5_ar5_x1.0,0.5,1.0,113.69,101.25,181.00,181.00
fbs_x0.5_ar5_x1.5,0.5,1.5,113.69,101.25,181.00,271.50
fbs_x0.5_ar5_x2.02,0.5,2.02,113.69,101.25,181.00,365.62
fbs_x1.0_ar5_x1.0,1.0,1.0,180.89,168.45,181.00,181.00
fbs_x1.0_ar5_x1.5,1.0,1.5,180.89,168.45,181.00,271.50
fbs_x1.0_ar5_x2.02,1.0,2.02,180.89,168.45,181.00,365.62
fbs_x1.5_ar5_x1.0,1.5,1.0,248.09,235.65,181.00,181.00
fbs_x1.5_ar5_x1.5,1.5,1.5,248.09,235.65,181.00,271.50
fbs_x1.5_ar5_x2.02,1.5,2.02,248.09,235.65,181.00,365.62
