variant,slot_1_shift_pct,slot_2_shift_pct,slot_3_shift_pct,slot_4_shift_pct,slot_1_recipe,slot_2_recipe,slot_3_recipe,slot_4_recipe
gp_sem_noise,0.0,0.0,23.0,34.0,40/22/21/17,50/18/18/14,20/56/6/18,17/44/21/18
gp_ls_floor_0.05,0.0,0.0,1.0,4.0,40/22/21/17,50/18/18/14,44/56/0/0,44/21/32/3
gp_ls_floor_0.2,0.0,0.0,1.0,7.0,40/22/21/17,50/18/18/14,44/56/0/0,45/21/34/0
gp_ls_upper_3,0.0,0.0,0.0,0.0,40/22/21/17,50/18/18/14,43/56/1/0,44/21/28/7
gp_noise_s2_over_n,0.0,0.0,0.0,0.0,40/22/21/17,50/18/18/14,43/56/1/0,44/21/28/7
gp_3coord_without_dmem,0.0,0.0,16.0,72.0,40/22/21/17,50/18/18/14,27/56/1/16,0/84/0/16
gp_3coord_without_xvivo,0.0,0.0,1.0,8.0,40/22/21/17,50/18/18/14,44/56/0/0,43/21/36/0
gp_without_e02,0.0,0.0,0.0,8.0,40/22/21/17,50/18/18/14,43/56/1/0,43/21/36/0
gp_without_e14,0.0,0.0,1.0,1.0,40/22/21/17,50/18/18/14,43/56/0/1,44/21/29/6
anchor_not_pending,0.0,0.0,0.0,1.0,40/22/21/17,50/18/18/14,43/56/1/0,44/21/27/8
model_picks_cost_tolerance_1%,0.0,0.0,0.0,9.0,40/22/21/17,50/18/18/14,43/56/1/0,44/12/28/16
price_fbs_x0.5_ar5_x1.0,0.0,0.0,30.0,1.0,40/22/21/17,50/18/18/14,44/26/19/11,44/21/29/6
price_fbs_x0.5_ar5_x1.5,0.0,0.0,30.0,5.0,40/22/21/17,50/18/18/14,44/26/19/11,44/16/29/11
price_fbs_x0.5_ar5_x2.02,0.0,0.0,30.0,6.0,40/22/21/17,50/18/18/14,44/26/19/11,44/15/29/12
price_fbs_x1.0_ar5_x1.5,0.0,0.0,30.0,6.0,40/22/21/17,50/18/18/14,44/26/19/11,44/15/29/12
price_fbs_x1.0_ar5_x2.02,0.0,0.0,30.0,6.0,40/22/21/17,50/18/18/14,44/26/19/11,44/15/29/12
price_fbs_x1.5_ar5_x1.0,0.0,0.0,46.0,7.0,40/22/21/17,50/18/18/14,44/10/35/11,44/17/25/14
price_fbs_x1.5_ar5_x1.5,0.0,0.0,20.0,6.0,40/22/21/17,50/18/18/14,44/36/20/0,44/15/29/12
price_fbs_x1.5_ar5_x2.02,0.0,0.0,29.0,6.0,40/22/21/17,50/18/18/14,44/27/19/10,44/15/29/12
