scenario,ceiling_eur_per_litre,grid_points,feasible_grid_share,historical_feasible,min_rpmi_share_on_feasible_grid
base,178.43,176851,0.503,15,0.20
fbs_x0.5_ar5_x1.0,134.93,176851,0.316,14,0.00
fbs_x0.5_ar5_x1.5,149.12,176851,0.317,12,0.00
fbs_x0.5_ar5_x2.02,163.89,176851,0.342,10,0.00
fbs_x1.0_ar5_x1.0,178.43,176851,0.503,15,0.20
fbs_x1.0_ar5_x1.5,192.63,176851,0.423,8,0.00
fbs_x1.0_ar5_x2.02,207.39,176851,0.414,8,0.00
fbs_x1.5_ar5_x1.0,221.93,176851,0.745,14,0.00
fbs_x1.5_ar5_x1.5,236.13,176851,0.504,7,0.00
fbs_x1.5_ar5_x2.02,250.89,176851,0.466,8,0.00
