model,train_rounds,test_round,n,rmse,mae,bias,spearman,coverage_80,nlpd,mean_pred,mean_obs
"GP, pooled noise",0-0,1,6,25.564,22.166,14.366,0.257,0.167,245.964,36.28,50.65
"GP, pooled noise",0-1,2,6,18.726,11.927,-3.06,-0.314,0.833,4.491,45.35,42.29
"GP, pooled noise",0-2,3,6,27.139,26.764,26.764,0.257,0.0,5.305,45.89,72.65
"GP, per-recipe SEM noise",0-0,1,6,19.945,15.722,15.722,0.771,0.5,5.755,34.93,50.65
"GP, per-recipe SEM noise",0-1,2,6,17.307,9.959,-6.052,0.2,0.833,5.787,48.34,42.29
"GP, per-recipe SEM noise",0-2,3,6,24.326,22.277,22.277,-0.657,1.0,4.506,50.37,72.65
Scheffe quadratic (Bayesian ridge),0-0,1,6,19.323,17.655,17.655,0.657,0.833,4.417,32.99,50.65
Scheffe quadratic (Bayesian ridge),0-1,2,6,18.218,10.517,-4.547,0.143,0.833,4.446,46.84,42.29
Scheffe quadratic (Bayesian ridge),0-2,3,6,29.805,29.089,29.089,-0.6,0.167,5.282,43.56,72.65
Random forest,0-0,1,6,13.786,12.304,12.304,0.714,0.833,4.12,38.35,50.65
Random forest,0-1,2,6,19.976,12.199,-3.149,0.257,0.667,5.2,45.44,42.29
Random forest,0-2,3,6,27.974,27.245,27.245,-0.086,0.0,14.781,45.41,72.65
Mean only (baseline),0-0,1,6,13.285,10.664,10.664,nan,0.833,4.086,39.98,50.65
Mean only (baseline),0-1,2,6,16.629,10.384,-3.027,nan,0.833,4.247,45.32,42.29
Mean only (baseline),0-2,3,6,28.736,28.342,28.342,nan,0.0,5.4,44.31,72.65
