formulation_id,nearest_formulation,distance_fraction,volume_reallocated_pct,absolute_mean_gap_pct_points
PBMC-E01,PBMC-E02,0.2780959486511147,25.273943150943147,54.041525
PBMC-E02,PBMC-E11,0.08517306247273684,6.945033545033548,37.583325
PBMC-E03,PBMC-E14,0.32803840839437537,26.454937045062955,32.87715
PBMC-E04,PBMC-E02,0.27991835390214476,23.195623846020588,33.725125000000006
PBMC-E05,PBMC-E22,0.17092904499523928,13.49786488505419,25.666600000000003
PBMC-E06,PBMC-E01,0.43913791457489315,32.701911179088825,10.199999999999996
PBMC-E07,PBMC-E13,0.19230181497869475,17.96096096096096,2.610916666666668
PBMC-E08,PBMC-E14,0.14831440163484755,14.641341341341338,41.116150000000005
PBMC-E09,PBMC-E23,0.19247872368155672,15.51551551551551,24.6
PBMC-E10,PBMC-E14,0.03355592347112502,2.5999999999999996,40.62715
PBMC-E11,PBMC-E02,0.08517306247273684,6.945033545033548,37.583325
PBMC-E12,PBMC-E22,0.04032369030731194,2.9000000000000026,0.6501999999999981
PBMC-E13,PBMC-E11,0.14514131045295137,11.700000000000003,1.2917500000000004
PBMC-E14,PBMC-E10,0.03355592347112502,2.5999999999999996,40.62715
PBMC-E15,PBMC-E12,0.09687211670952879,7.888088088088082,12.733600000000003
PBMC-E16,PBMC-E18,0.0662013724692465,5.31851851851852,10.3125
PBMC-E17,PBMC-E16,0.2208298914006687,16.796496496496502,3.2704999999999984
PBMC-E18,PBMC-E16,0.0662013724692465,5.31851851851852,10.3125
PBMC-E19,PBMC-E23,0.023498821978744307,1.962801962801962,9.5
PBMC-E20,PBMC-E23,0.05025493635153433,3.8837837837837856,5.0
PBMC-E21,PBMC-E03,0.3464646787153617,27.38001711998288,30.85
PBMC-E22,PBMC-E12,0.04032369030731194,2.9000000000000026,0.6501999999999981
PBMC-E23,PBMC-E19,0.023498821978744307,1.962801962801962,9.5
PBMC-E24,PBMC-E23,0.07770478933799728,6.251306251306247,3.25
