truth,noise,policy,median_regret_18_runs,q25,q75,median_paired_diff_vs_random,seeds_better_than_random,sign_test_p,median_finalist_regret,finalist_seeds_better_than_random
GP fit to all 24,low (SEM 4.97),Random (feasible),2.12,1.18,5.58,0.0,0/30,,2.12,0/30
GP fit to all 24,low (SEM 4.97),GP greedy (exploit only),1.64,0.79,8.02,-0.07,16/30,0.572,4.41,12/30
GP fit to all 24,low (SEM 4.97),"GP-UCB, kappa 2 (batch)",1.08,0.2,2.89,-0.94,22/30,0.016,2.66,13/30
GP fit to all 24,low (SEM 4.97),GP-EI (batch),1.35,0.2,4.21,-0.93,16/30,0.711,2.47,13/30
GP fit to all 24,low (SEM 4.97),Four-role policy (deployed),1.2,0.98,1.76,-0.36,19/30,0.136,2.06,11/30
GP fit to all 24,high (fitted 11.83),Random (feasible),2.12,1.18,5.58,0.0,0/30,,7.61,0/30
GP fit to all 24,high (fitted 11.83),GP greedy (exploit only),3.84,1.0,15.69,0.0,14/30,1.0,7.94,12/30
GP fit to all 24,high (fitted 11.83),"GP-UCB, kappa 2 (batch)",2.94,0.37,7.08,0.0,13/30,1.0,7.63,15/30
GP fit to all 24,high (fitted 11.83),GP-EI (batch),1.34,0.14,7.03,0.0,14/30,1.0,6.19,12/30
GP fit to all 24,high (fitted 11.83),Four-role policy (deployed),1.61,0.47,4.12,-0.08,15/30,0.557,5.73,13/30
Scheffe fit to all 24,low (SEM 4.97),Random (feasible),1.56,0.73,2.05,0.0,0/30,,4.67,0/30
Scheffe fit to all 24,low (SEM 4.97),GP greedy (exploit only),1.55,0.26,3.35,0.0,12/30,0.845,3.02,17/30
Scheffe fit to all 24,low (SEM 4.97),"GP-UCB, kappa 2 (batch)",0.01,0.01,0.2,-1.11,24/30,0.001,1.51,24/30
Scheffe fit to all 24,low (SEM 4.97),GP-EI (batch),0.07,0.01,1.32,-0.85,20/30,0.061,1.75,18/30
Scheffe fit to all 24,low (SEM 4.97),Four-role policy (deployed),0.52,0.01,1.31,-0.76,17/30,0.248,1.96,16/30
Scheffe fit to all 24,high (fitted 11.83),Random (feasible),1.56,0.73,2.05,0.0,0/30,,5.54,0/30
Scheffe fit to all 24,high (fitted 11.83),GP greedy (exploit only),1.79,0.53,3.98,0.11,10/30,0.424,5.71,15/30
Scheffe fit to all 24,high (fitted 11.83),"GP-UCB, kappa 2 (batch)",0.37,0.01,3.04,-0.35,16/30,0.442,5.64,11/30
Scheffe fit to all 24,high (fitted 11.83),GP-EI (batch),0.8,0.01,3.25,0.0,13/30,1.0,5.42,13/30
Scheffe fit to all 24,high (fitted 11.83),Four-role policy (deployed),1.36,0.12,3.41,0.12,12/30,0.701,4.67,14/30
