formulation_a,formulation_b,round_a,round_b,euclidean_distance_fraction,volume_reallocated_pct,mean_a_pct,mean_b_pct,absolute_mean_gap_pct_points
PBMC-E19,PBMC-E23,3,3,0.023498821978744307,1.962801962801962,81.0,71.5,9.5
PBMC-E10,PBMC-E14,1,2,0.03355592347112502,2.5999999999999996,48.15,7.52285,40.62715
PBMC-E12,PBMC-E22,1,3,0.040323690307311935,2.9000000000000026,68.0502,67.4,0.6501999999999981
PBMC-E20,PBMC-E23,3,3,0.05025493635153433,3.8837837837837856,76.5,71.5,5.0
PBMC-E19,PBMC-E20,3,3,0.052794665406010875,4.4156843156843175,81.0,76.5,4.5
PBMC-E16,PBMC-E18,2,2,0.0662013724692465,5.31851851851852,46.14575,56.45825,10.3125
PBMC-E23,PBMC-E24,3,3,0.07770478933799728,6.251306251306247,71.5,68.25,3.25
PBMC-E02,PBMC-E11,0,1,0.08517306247273684,6.945033545033548,6.541675,44.125,37.583325
PBMC-E12,PBMC-E15,1,2,0.09687211670952879,7.888088088088082,68.0502,55.3166,12.733600000000003
PBMC-E19,PBMC-E24,3,3,0.09803452887390286,7.392607392607389,81.0,68.25,12.75
PBMC-E20,PBMC-E24,3,3,0.11349053244209872,9.372527472527468,76.5,68.25,8.25
PBMC-E15,PBMC-E22,2,3,0.1326655152167152,10.788088088088085,55.3166,67.4,12.083400000000005
PBMC-E11,PBMC-E13,1,2,0.14514131045295137,11.700000000000003,44.125,45.41675,1.2917500000000004
PBMC-E08,PBMC-E14,1,2,0.14831440163484755,14.641341341341338,48.639,7.52285,41.116150000000005
PBMC-E22,PBMC-E24,3,3,0.15917241970815577,13.08681318681318,67.4,68.25,0.8499999999999943
PBMC-E12,PBMC-E24,1,3,0.1603471230022228,13.086813186813185,68.0502,68.25,0.1997999999999962
PBMC-E08,PBMC-E22,1,3,0.16842412908436963,16.138938938938942,48.639,67.4,18.761000000000003
PBMC-E05,PBMC-E22,0,3,0.17092904499523928,13.49786488505419,41.7334,67.4,25.666600000000003
PBMC-E08,PBMC-E10,1,1,0.17205191784168974,16.741341341341336,48.639,48.15,0.4890000000000043
PBMC-E15,PBMC-E24,2,3,0.18494188787554203,16.559416559416555,55.3166,68.25,12.933399999999999
PBMC-E07,PBMC-E13,1,2,0.19230181497869475,17.96096096096096,48.02766666666667,45.41675,2.610916666666668
PBMC-E09,PBMC-E23,1,3,0.19247872368155672,15.51551551551551,46.9,71.5,24.6
PBMC-E08,PBMC-E12,1,1,0.19333904043189445,19.038938938938944,48.639,68.0502,19.4112
PBMC-E08,PBMC-E24,1,3,0.19343492101505336,15.801515801515803,48.639,68.25,19.610999999999997
PBMC-E09,PBMC-E19,1,3,0.19576955814273433,15.805115805115802,46.9,81.0,34.1
PBMC-E09,PBMC-E18,1,2,0.19924772638422286,16.939539539539545,46.9,56.45825,9.558250000000001
PBMC-E05,PBMC-E12,0,1,0.19947721281370615,16.297864885054192,41.7334,68.0502,26.3168
PBMC-E09,PBMC-E16,1,2,0.20290959423981342,16.81681681681682,46.9,46.14575,0.754249999999999
PBMC-E05,PBMC-E20,0,3,0.2035939428305039,16.746694726863083,41.7334,76.5,34.7666
PBMC-E08,PBMC-E20,1,3,0.20523805014616164,20.458658658658653,48.639,76.5,27.860999999999997
PBMC-E09,PBMC-E24,1,3,0.20780172982214226,17.631917631917627,46.9,68.25,21.35
PBMC-E05,PBMC-E24,0,3,0.20826072285101457,20.603900271257938,41.7334,68.25,26.516599999999997
PBMC-E02,PBMC-E13,0,2,0.21423296433158268,15.69009489009489,6.541675,45.41675,38.875075
PBMC-E05,PBMC-E23,0,3,0.21553412046435846,18.783398450756124,41.7334,71.5,29.766599999999997
PBMC-E08,PBMC-E23,1,3,0.21947731640089066,21.22122122122122,48.639,71.5,22.860999999999997
PBMC-E22,PBMC-E23,3,3,0.2198343608612729,18.062562562562555,67.4,71.5,4.099999999999994
PBMC-E16,PBMC-E17,2,2,0.22082989140066872,16.796496496496502,46.14575,42.87525,3.2704999999999984
PBMC-E09,PBMC-E20,1,3,0.22140414767890465,17.880280280280278,46.9,76.5,29.6
PBMC-E17,PBMC-E18,2,2,0.22368728171266242,18.300000000000004,42.87525,56.45825,13.582999999999998
PBMC-E14,PBMC-E22,2,3,0.22875314205492348,17.8,7.52285,67.4,59.87715000000001
PBMC-E20,PBMC-E22,3,3,0.2292640399190418,17.399999999999995,76.5,67.4,9.099999999999994
PBMC-E12,PBMC-E23,1,3,0.22949023691195883,17.962562562562567,68.0502,71.5,3.449799999999996
PBMC-E05,PBMC-E19,0,3,0.23393265006621314,19.604899272256944,41.7334,81.0,39.2666
PBMC-E08,PBMC-E19,1,3,0.23396848468639728,22.894422894422895,48.639,81.0,32.361
PBMC-E19,PBMC-E22,3,3,0.24301691453739735,19.73576423576423,81.0,67.4,13.599999999999994
PBMC-E12,PBMC-E14,1,2,0.24509997960016233,17.899999999999995,68.0502,7.52285,60.527350000000006
PBMC-E05,PBMC-E15,0,2,0.2457463499914129,19.736903924093234,41.7334,55.3166,13.583199999999998
PBMC-E12,PBMC-E20,1,3,0.24680761738649803,17.700000000000003,68.0502,76.5,8.449799999999996
PBMC-E05,PBMC-E09,0,1,0.24924765120816356,20.038772703841357,41.7334,46.9,5.166599999999995
PBMC-E10,PBMC-E22,1,3,0.2493631889433563,20.0,48.15,67.4,19.250000000000007
PBMC-E05,PBMC-E08,0,1,0.2505044062371283,21.56744856973759,41.7334,48.639,6.9056
PBMC-E12,PBMC-E19,1,3,0.2524524939673159,19.635764235764235,68.0502,81.0,12.949799999999996
PBMC-E15,PBMC-E23,2,3,0.2566899170932921,21.821821821821818,55.3166,71.5,16.1834
PBMC-E10,PBMC-E12,1,1,0.2614192035792321,20.099999999999994,48.15,68.0502,19.900200000000005
PBMC-E07,PBMC-E19,1,3,0.2630859883581893,26.005326005326,48.02766666666667,81.0,32.97233333333333
PBMC-E09,PBMC-E15,1,2,0.27317975717883053,25.725725725725724,46.9,55.3166,8.416600000000003
PBMC-E07,PBMC-E23,1,3,0.2733007719172215,26.82682682682682,48.02766666666667,71.5,23.47233333333333
PBMC-E07,PBMC-E24,1,3,0.27726535863335205,25.006325006325003,48.02766666666667,68.25,20.22233333333333
PBMC-E15,PBMC-E19,2,3,0.27777636811173156,23.252723252723246,55.3166,81.0,25.6834
PBMC-E01,PBMC-E02,0,0,0.2780959486511147,25.273943150943147,60.5832,6.541675,54.041525
PBMC-E02,PBMC-E04,0,0,0.27991835390214476,23.195623846020588,6.541675,40.2668,33.725125000000006
PBMC-E08,PBMC-E15,1,2,0.281290186843159,26.926926926926924,48.639,55.3166,6.677599999999998
PBMC-E15,PBMC-E20,2,3,0.28807245360727585,25.58798798798798,55.3166,76.5,21.1834
PBMC-E05,PBMC-E17,0,2,0.2960979791114897,23.546313224192566,41.7334,42.87525,1.141849999999998
PBMC-E07,PBMC-E20,1,3,0.30122542524307094,30.065665665665662,48.02766666666667,76.5,28.47233333333333
PBMC-E07,PBMC-E11,1,1,0.3014665755141161,25.66096096096096,48.02766666666667,44.125,3.9026666666666685
PBMC-E09,PBMC-E12,1,1,0.3021591417775947,30.17477477477477,46.9,68.0502,21.150200000000005
PBMC-E13,PBMC-E19,2,3,0.30394850103388765,23.855344655344656,45.41675,81.0,35.58325
PBMC-E09,PBMC-E22,1,3,0.3045608644145628,30.274774774774766,46.9,67.4,20.500000000000007
PBMC-E01,PBMC-E11,0,1,0.30640200293079023,29.323,60.5832,44.125,16.458199999999998
PBMC-E01,PBMC-E10,0,1,0.30704968229913543,24.927999999999997,60.5832,48.15,12.4332
PBMC-E13,PBMC-E20,2,3,0.3147252770274418,24.599999999999998,45.41675,76.5,31.08325
PBMC-E14,PBMC-E24,2,3,0.31707383247392923,30.442857142857143,7.52285,68.25,60.72715
PBMC-E13,PBMC-E23,2,3,0.31735269622751267,24.144944944944946,45.41675,71.5,26.08325
PBMC-E09,PBMC-E17,1,2,0.3187167601272308,31.534134134134128,46.9,42.87525,4.024749999999997
PBMC-E05,PBMC-E16,0,2,0.32100907860465233,26.22779470567405,41.7334,46.14575,4.412349999999996
PBMC-E04,PBMC-E11,0,1,0.32403836659935153,27.117540912295436,40.2668,44.125,3.8581999999999965
PBMC-E01,PBMC-E14,0,2,0.3246157226629665,26.334999999999997,60.5832,7.52285,53.06035
PBMC-E03,PBMC-E14,0,2,0.3280384083943754,26.454937045062955,40.4,7.52285,32.87715
PBMC-E14,PBMC-E15,2,2,0.33302595856459394,24.588088088088085,7.52285,55.3166,47.79375
PBMC-E10,PBMC-E24,1,3,0.3346808088479737,32.54285714285714,48.15,68.25,20.1
PBMC-E03,PBMC-E10,0,1,0.3393264692779796,26.854937045062954,40.4,48.15,7.75
PBMC-E10,PBMC-E15,1,2,0.34464366822391446,24.548948948948947,48.15,55.3166,7.1666000000000025
PBMC-E08,PBMC-E13,1,2,0.3451037803179796,29.591591591591595,48.639,45.41675,3.2222500000000025
PBMC-E13,PBMC-E24,2,3,0.3453646136166913,28.428571428571438,45.41675,68.25,22.83325
PBMC-E03,PBMC-E21,0,3,0.3464646787153617,27.38001711998288,40.4,71.25,30.85
PBMC-E05,PBMC-E14,0,2,0.347457129584376,28.553686775807428,41.7334,7.52285,34.210550000000005
PBMC-E05,PBMC-E18,0,2,0.3484870065959016,31.546313224192573,41.7334,56.45825,14.724849999999996
PBMC-E14,PBMC-E20,2,3,0.3513829819442028,35.09999999999999,7.52285,76.5,68.97715
PBMC-E04,PBMC-E13,0,2,0.3573819195951421,34.817540912295435,40.2668,45.41675,5.149949999999997
PBMC-E14,PBMC-E23,2,3,0.36021301543052914,35.86256256256256,7.52285,71.5,63.97715
PBMC-E01,PBMC-E03,0,0,0.36244324096296354,36.19391992508007,60.5832,40.4,20.1832
PBMC-E07,PBMC-E08,1,1,0.36276861846087166,29.129129129129126,48.02766666666667,48.639,0.6113333333333344
PBMC-E05,PBMC-E21,0,3,0.371012122249098,30.055821890753233,41.7334,71.25,29.516599999999997
PBMC-E10,PBMC-E20,1,3,0.37426461227318825,37.19999999999999,48.15,76.5,28.35
PBMC-E14,PBMC-E19,2,3,0.3766080195264783,37.53576423576423,7.52285,81.0,73.47715
PBMC-E05,PBMC-E10,0,1,0.3768023690822458,30.653686775807433,41.7334,48.15,6.416599999999995
PBMC-E18,PBMC-E23,2,3,0.3772778175571548,32.455055055055055,56.45825,71.5,15.04175
PBMC-E16,PBMC-E23,2,3,0.3775485973272105,32.332332332332335,46.14575,71.5,25.35425
PBMC-E01,PBMC-E08,0,1,0.37826583679531117,32.66793293293293,60.5832,48.639,11.944199999999995
PBMC-E03,PBMC-E08,0,1,0.3793900299700178,32.42440651453242,40.4,48.639,8.239000000000004
PBMC-E18,PBMC-E19,2,3,0.3797323890383111,32.74465534465534,56.45825,81.0,24.54175
PBMC-E10,PBMC-E23,1,3,0.3804832803102716,37.96256256256256,48.15,71.5,23.35
PBMC-E15,PBMC-E16,2,2,0.38303954347356495,32.432432432432435,55.3166,46.14575,9.170850000000002
PBMC-E08,PBMC-E11,1,1,0.3832448371155785,29.69159159159159,48.639,44.125,4.514000000000003
PBMC-E02,PBMC-E07,0,1,0.3834700872747034,32.54703254703255,6.541675,48.02766666666667,41.48599166666667
PBMC-E16,PBMC-E19,2,3,0.3840109290093705,32.62193262193263,46.14575,81.0,34.85425
PBMC-E16,PBMC-E24,2,3,0.38566076937421223,33.32123332123332,46.14575,68.25,22.10425
PBMC-E08,PBMC-E09,1,1,0.38638638638638634,33.43343343343343,48.639,46.9,1.7390000000000043
PBMC-E07,PBMC-E09,1,1,0.3882000100416599,31.53153153153152,48.02766666666667,46.9,1.12766666666667
PBMC-E18,PBMC-E20,2,3,0.3919744889658,33.10000000000001,56.45825,76.5,20.04175
PBMC-E16,PBMC-E20,2,3,0.3936038402736606,32.97727727727728,46.14575,76.5,30.35425
PBMC-E10,PBMC-E19,1,3,0.396496064095452,39.635764235764235,48.15,81.0,32.85
PBMC-E18,PBMC-E24,2,3,0.39708704704637876,33.44395604395604,56.45825,68.25,11.79175
PBMC-E07,PBMC-E12,1,1,0.40018025224934123,33.733833833833835,48.02766666666667,68.0502,20.022533333333335
PBMC-E08,PBMC-E21,1,3,0.40238841559813593,36.53653653653654,48.639,71.25,22.610999999999997
PBMC-E17,PBMC-E20,2,3,0.4026611478650504,32.99999999999999,42.87525,76.5,33.62475
PBMC-E07,PBMC-E15,1,2,0.40344935244538094,33.73373373373373,48.02766666666667,55.3166,7.288933333333333
PBMC-E07,PBMC-E22,1,3,0.4096554938966836,33.733833833833835,48.02766666666667,67.4,19.372333333333337
PBMC-E02,PBMC-E08,0,1,0.4104354799434351,32.64713264713265,6.541675,48.639,42.097325000000005
PBMC-E01,PBMC-E13,0,2,0.4134274390990516,40.923,60.5832,45.41675,15.166449999999998
PBMC-E17,PBMC-E23,2,3,0.41436064462359584,36.23883883883884,42.87525,71.5,28.62475
PBMC-E17,PBMC-E19,2,3,0.41970691449861774,37.06033966033966,42.87525,81.0,38.12475
PBMC-E11,PBMC-E19,1,3,0.41997201511356613,35.555344655344655,44.125,81.0,36.875
PBMC-E15,PBMC-E18,2,2,0.42061960682121236,37.75095095095095,55.3166,56.45825,1.1416499999999985
PBMC-E11,PBMC-E20,1,3,0.42086339826599317,35.199999999999996,44.125,76.5,32.375
PBMC-E12,PBMC-E16,1,2,0.42196111227857297,36.88148148148148,68.0502,46.14575,21.904450000000004
PBMC-E16,PBMC-E22,2,3,0.4222050475743893,36.981481481481474,46.14575,67.4,21.254250000000006
PBMC-E11,PBMC-E23,1,3,0.42860229466962163,35.84494494494494,44.125,71.5,27.375
PBMC-E20,PBMC-E21,3,3,0.43440303866340535,35.60000000000001,76.5,71.25,5.25
PBMC-E01,PBMC-E06,0,0,0.4391379145748932,32.701911179088825,60.5832,50.3832,10.199999999999996
PBMC-E10,PBMC-E11,1,1,0.43958616902718856,37.89999999999999,48.15,44.125,4.024999999999999
PBMC-E11,PBMC-E14,1,2,0.44278888874948075,38.0,44.125,7.52285,36.60215
PBMC-E17,PBMC-E24,2,3,0.44280118807742846,38.059340659340656,42.87525,68.25,25.37475
PBMC-E11,PBMC-E24,1,3,0.44305923483138876,36.12857142857143,44.125,68.25,24.125
PBMC-E13,PBMC-E14,2,2,0.44603363101900734,37.9,45.41675,7.52285,37.8939
PBMC-E10,PBMC-E13,1,2,0.4501799640143928,37.8,48.15,45.41675,2.733249999999998
PBMC-E14,PBMC-E21,2,3,0.4511828897464974,36.9,7.52285,71.25,63.72715
PBMC-E02,PBMC-E10,0,1,0.454582340719081,37.84103804103803,6.541675,48.15,41.608325
PBMC-E18,PBMC-E22,2,3,0.45503186701592674,42.3,56.45825,67.4,10.941750000000006
PBMC-E12,PBMC-E18,1,2,0.4561907495774109,42.2,68.0502,56.45825,11.591950000000004
PBMC-E02,PBMC-E14,0,2,0.4574078879670858,37.941038041038034,6.541675,7.52285,0.9811750000000004
PBMC-E17,PBMC-E22,2,3,0.45773573161814657,34.3,42.87525,67.4,24.524750000000004
PBMC-E13,PBMC-E22,2,3,0.4603715890451972,37.9,45.41675,67.4,21.983250000000005
PBMC-E07,PBMC-E14,1,2,0.4635099691998044,36.262962962962966,48.02766666666667,7.52285,40.50481666666667
PBMC-E21,PBMC-E22,3,3,0.4638642042667229,32.9,71.25,67.4,3.8499999999999943
PBMC-E07,PBMC-E10,1,1,0.46517322815080864,38.36296296296296,48.02766666666667,48.15,0.12233333333333007
PBMC-E02,PBMC-E20,0,3,0.4653652938148598,39.19009489009488,6.541675,76.5,69.958325
PBMC-E12,PBMC-E13,1,2,0.466722615693733,37.9,68.0502,45.41675,22.633450000000003
PBMC-E02,PBMC-E19,0,3,0.4726559326709419,39.54543954543955,6.541675,81.0,74.458325
PBMC-E12,PBMC-E17,1,2,0.4764094877308805,34.699999999999996,68.0502,42.87525,25.174950000000003
PBMC-E21,PBMC-E23,3,3,0.48001399198520317,39.28378378378378,71.25,71.5,0.25
PBMC-E05,PBMC-E07,0,1,0.4800657393404248,45.61022527758295,41.7334,48.02766666666667,6.294266666666665
PBMC-E17,PBMC-E21,2,3,0.48015622457695994,35.199999999999996,42.87525,71.25,28.37475
PBMC-E02,PBMC-E23,0,3,0.4804760633978181,39.83503983503984,6.541675,71.5,64.958325
PBMC-E15,PBMC-E17,2,2,0.4816625037890588,38.139039039039034,55.3166,42.87525,12.44135
PBMC-E09,PBMC-E13,1,2,0.4821246820292802,39.660460460460456,46.9,45.41675,1.4832499999999982
PBMC-E10,PBMC-E21,1,3,0.48217216842119787,39.5,48.15,71.25,23.1
PBMC-E06,PBMC-E07,0,1,0.48301384887763943,41.81788410804182,50.3832,48.02766666666667,2.3555333333333337
PBMC-E06,PBMC-E11,0,1,0.48402124931142954,41.58693221306778,50.3832,44.125,6.258200000000002
PBMC-E19,PBMC-E21,3,3,0.48702247082136063,39.81568431568432,81.0,71.25,9.75
PBMC-E06,PBMC-E10,0,1,0.49619675867375784,49.320911179088824,50.3832,48.15,2.2332000000000036
PBMC-E02,PBMC-E03,0,0,0.4964334290975373,41.41998127014141,6.541675,40.4,33.858325
PBMC-E02,PBMC-E24,0,3,0.49738639015577707,43.01464301464301,6.541675,68.25,61.708325
PBMC-E03,PBMC-E22,0,3,0.5031541201968277,40.25493704506295,40.4,67.4,27.000000000000007
PBMC-E21,PBMC-E24,3,3,0.5038027172188217,40.65934065934066,71.25,68.25,3.0
PBMC-E12,PBMC-E21,1,3,0.5041686225857377,35.7,68.0502,71.25,3.199799999999996
PBMC-E13,PBMC-E15,2,2,0.5062173414508577,44.987987987987985,45.41675,55.3166,9.89985
PBMC-E05,PBMC-E13,0,2,0.5072432388802627,40.14455961191727,41.7334,45.41675,3.6833499999999972
PBMC-E09,PBMC-E14,1,2,0.5102722651657742,48.07477477477477,46.9,7.52285,39.37715
PBMC-E01,PBMC-E07,0,1,0.5114912384544545,45.08596296296297,60.5832,48.02766666666667,12.55553333333333
PBMC-E01,PBMC-E22,0,3,0.5219786656559825,44.135000000000005,60.5832,67.4,6.816800000000008
PBMC-E01,PBMC-E04,0,0,0.5239011898240397,42.357798826005876,60.5832,40.2668,20.316399999999994
PBMC-E06,PBMC-E14,0,2,0.52410594915391,51.920911179088826,50.3832,7.52285,42.860350000000004
PBMC-E11,PBMC-E22,1,3,0.5242957180828393,41.9,44.125,67.4,23.275000000000006
PBMC-E02,PBMC-E06,0,0,0.528977771892621,44.48290890904448,6.541675,50.3832,43.841525000000004
PBMC-E03,PBMC-E05,0,0,0.5296396473599654,38.086603942890264,40.4,41.7334,1.3334000000000046
PBMC-E09,PBMC-E10,1,1,0.5311502832873658,50.17477477477477,46.9,48.15,1.25
PBMC-E11,PBMC-E12,1,1,0.5321428379674014,44.800000000000004,44.125,68.0502,23.925200000000004
PBMC-E01,PBMC-E12,0,1,0.5328281030501301,44.23499999999999,60.5832,68.0502,7.467000000000006
PBMC-E08,PBMC-E17,1,2,0.5330822894243142,44.167067067067066,48.639,42.87525,5.763750000000002
PBMC-E01,PBMC-E24,0,3,0.5335972508888974,43.691043956043956,60.5832,68.25,7.666800000000002
PBMC-E06,PBMC-E13,0,2,0.534505532779037,45.58693221306779,50.3832,45.41675,4.966450000000002
PBMC-E03,PBMC-E12,0,1,0.5347147497790282,43.15493704506296,40.4,68.0502,27.650200000000005
PBMC-E03,PBMC-E11,0,1,0.5360963262584826,44.37491992508008,40.4,44.125,3.7250000000000014
PBMC-E03,PBMC-E20,0,3,0.5369417001078637,44.63291716708283,40.4,76.5,36.1
PBMC-E08,PBMC-E16,1,2,0.5372625181191576,44.34434434434435,48.639,46.14575,2.4932500000000033
PBMC-E01,PBMC-E20,0,3,0.5393089721115345,44.03499999999999,60.5832,76.5,15.916800000000002
PBMC-E04,PBMC-E07,0,1,0.5452045556953442,52.77850187325639,40.2668,48.02766666666667,7.760866666666665
PBMC-E01,PBMC-E23,0,3,0.551891638931767,44.685562562562566,60.5832,71.5,10.916800000000002
PBMC-E08,PBMC-E18,1,2,0.55487440035628,45.45865865865866,48.639,56.45825,7.819249999999997
PBMC-E01,PBMC-E19,0,3,0.5562475741391528,46.35876423576424,60.5832,81.0,20.416800000000002
PBMC-E06,PBMC-E08,0,1,0.5646493622769219,52.28437464255228,50.3832,48.639,1.7441999999999993
PBMC-E02,PBMC-E22,0,3,0.5648913391182052,48.786071586071586,6.541675,67.4,60.85832500000001
PBMC-E03,PBMC-E24,0,3,0.5668720217371169,47.570321660447576,40.4,68.25,27.85
PBMC-E04,PBMC-E20,0,3,0.5674373781103959,54.21754091229543,40.2668,76.5,36.2332
PBMC-E03,PBMC-E23,0,3,0.571774774390081,46.73872082884674,40.4,71.5,31.1
PBMC-E02,PBMC-E12,0,1,0.5771671277146919,51.68607158607159,6.541675,68.0502,61.508525000000006
PBMC-E09,PBMC-E21,1,3,0.5798214861218766,50.0945945945946,46.9,71.25,24.35
PBMC-E07,PBMC-E18,1,2,0.5799168074470817,48.27087087087087,48.02766666666667,56.45825,8.430583333333331
PBMC-E04,PBMC-E19,0,3,0.5807933679796163,56.55280564756017,40.2668,81.0,40.7332
PBMC-E03,PBMC-E19,0,3,0.5808871790069687,47.27062136074727,40.4,81.0,40.6
PBMC-E03,PBMC-E13,0,2,0.5823567132726907,43.954937045062955,40.4,45.41675,5.016750000000002
PBMC-E04,PBMC-E08,0,1,0.5831486990277484,52.878601973356496,40.2668,48.639,8.3722
PBMC-E11,PBMC-E15,1,2,0.5841670976585172,52.687987987987995,44.125,55.3166,11.191600000000001
PBMC-E15,PBMC-E21,2,3,0.5868365325239163,43.588088088088085,55.3166,71.25,15.933399999999999
PBMC-E07,PBMC-E16,1,2,0.5900728970743356,48.148148148148145,48.02766666666667,46.14575,1.881916666666669
PBMC-E05,PBMC-E11,0,1,0.5920208367806946,45.40038150267052,41.7334,44.125,2.391599999999997
PBMC-E06,PBMC-E12,0,1,0.5933677233388345,53.120911179088814,50.3832,68.0502,17.667
PBMC-E04,PBMC-E23,0,3,0.5956426549288947,57.9837070784616,40.2668,71.5,31.233199999999997
PBMC-E06,PBMC-E24,0,3,0.6023156667838523,48.16157051974817,50.3832,68.25,17.866799999999998
PBMC-E06,PBMC-E15,0,2,0.6041950308573,49.68177203994968,50.3832,55.3166,4.933399999999999
PBMC-E01,PBMC-E15,0,2,0.6068134631337947,49.21598798798799,60.5832,55.3166,5.266599999999997
PBMC-E09,PBMC-E11,1,1,0.6077477504203151,51.36046046046046,46.9,44.125,2.7749999999999986
PBMC-E03,PBMC-E04,0,0,0.6108436421937338,52.11363924340397,40.4,40.2668,0.1331999999999951
PBMC-E06,PBMC-E22,0,3,0.6131172200785435,55.92091117908882,50.3832,67.4,17.016800000000003
PBMC-E13,PBMC-E21,2,3,0.6189329527501344,60.199999999999996,45.41675,71.25,25.83325
PBMC-E01,PBMC-E21,0,3,0.6237736988684278,56.11900000000001,60.5832,71.25,10.666800000000002
PBMC-E02,PBMC-E05,0,0,0.6254145138341545,49.3904763927654,6.541675,41.7334,35.191725000000005
PBMC-E01,PBMC-E05,0,0,0.626476986067024,54.235381502670506,60.5832,41.7334,18.849799999999995
PBMC-E03,PBMC-E15,0,2,0.6313178663397532,51.04302513315104,40.4,55.3166,14.916600000000003
PBMC-E16,PBMC-E21,2,3,0.6341223511684054,51.99649649649649,46.14575,71.25,25.10425
PBMC-E02,PBMC-E21,0,3,0.6343341552276329,61.345061345061346,6.541675,71.25,64.708325
PBMC-E02,PBMC-E15,0,2,0.6385107053397256,59.57405957405957,6.541675,55.3166,48.774925
PBMC-E14,PBMC-E17,2,2,0.6406293780338206,52.099999999999994,7.52285,42.87525,35.3524
PBMC-E04,PBMC-E24,0,3,0.6437715618982764,63.246112340866866,40.2668,68.25,27.983199999999997
PBMC-E14,PBMC-E16,2,2,0.6440795972725093,54.781481481481485,7.52285,46.14575,38.6229
PBMC-E18,PBMC-E21,2,3,0.6448612253810893,53.5,56.45825,71.25,14.79175
PBMC-E06,PBMC-E23,0,3,0.6493546697851887,49.98207234024998,50.3832,71.5,21.116799999999998
PBMC-E11,PBMC-E21,1,3,0.6501092215928028,64.3,44.125,71.25,27.125
PBMC-E06,PBMC-E19,0,3,0.654490034764223,49.16057151874916,50.3832,81.0,30.616799999999998
PBMC-E04,PBMC-E21,0,3,0.655637897598535,52.26913865430674,40.2668,71.25,30.983199999999997
PBMC-E04,PBMC-E14,0,2,0.6640609896445514,55.21754091229544,40.2668,7.52285,32.743950000000005
PBMC-E02,PBMC-E09,0,1,0.6656290064424065,55.35055535055534,6.541675,46.9,40.358325
PBMC-E13,PBMC-E18,2,2,0.6656966276014924,56.60000000000001,45.41675,56.45825,11.0415
PBMC-E10,PBMC-E16,1,2,0.6681565821822071,56.88148148148148,48.15,46.14575,2.004249999999999
PBMC-E10,PBMC-E17,1,2,0.6710990984944025,54.199999999999996,48.15,42.87525,5.274749999999997
PBMC-E14,PBMC-E18,2,2,0.6717693056399645,60.099999999999994,7.52285,56.45825,48.9354
PBMC-E04,PBMC-E10,0,1,0.671943981168908,55.51754091229544,40.2668,48.15,7.883199999999995
PBMC-E06,PBMC-E20,0,3,0.6719759189910982,53.220911179088816,50.3832,76.5,26.116799999999998
PBMC-E07,PBMC-E17,1,2,0.6721918460781787,63.06566566566567,48.02766666666667,42.87525,5.152416666666667
PBMC-E13,PBMC-E16,2,2,0.6799708872463568,56.477277277277274,45.41675,46.14575,0.7289999999999992
PBMC-E03,PBMC-E07,0,1,0.6901948332354606,57.749731839857745,40.4,48.02766666666667,7.62766666666667
PBMC-E10,PBMC-E18,1,2,0.6961364808713878,62.19999999999999,48.15,56.45825,8.308250000000001
PBMC-E07,PBMC-E21,1,3,0.7016996426139183,65.66566566566566,48.02766666666667,71.25,23.22233333333333
PBMC-E13,PBMC-E17,2,2,0.7030476513011049,57.59999999999999,45.41675,42.87525,2.541499999999999
PBMC-E04,PBMC-E05,0,0,0.732702243989527,65.62005752991175,40.2668,41.7334,1.4665999999999997
PBMC-E04,PBMC-E22,0,3,0.7339051968670756,69.01754091229543,40.2668,67.4,27.133200000000002
PBMC-E03,PBMC-E09,0,1,0.7344319149587764,57.607691941857595,40.4,46.9,6.5
PBMC-E01,PBMC-E09,0,1,0.7378094898608591,60.195460460460446,60.5832,46.9,13.6832
PBMC-E04,PBMC-E12,0,1,0.7543948555595408,71.91754091229544,40.2668,68.0502,27.7834
PBMC-E03,PBMC-E06,0,0,0.7561265943124703,68.89583110416889,40.4,50.3832,9.983200000000004
PBMC-E04,PBMC-E09,0,1,0.7575212941069102,72.09782119257572,40.2668,46.9,6.633199999999995
PBMC-E03,PBMC-E17,0,2,0.7602592923542076,61.63291716708282,40.4,42.87525,2.4752500000000026
PBMC-E05,PBMC-E06,0,0,0.7698668745182501,68.7654707910061,41.7334,50.3832,8.649799999999999
PBMC-E06,PBMC-E09,0,1,0.775893545402323,60.349360571560354,50.3832,46.9,3.4832000000000036
PBMC-E11,PBMC-E18,1,2,0.7949050257735197,68.30000000000001,44.125,56.45825,12.33325
PBMC-E04,PBMC-E06,0,0,0.8018720560378102,67.67853275506508,40.2668,50.3832,10.116399999999999
PBMC-E11,PBMC-E16,1,2,0.8034686147635172,68.17727727727728,44.125,46.14575,2.0207499999999996
PBMC-E11,PBMC-E17,1,2,0.8141707437632476,68.0,44.125,42.87525,1.2497499999999988
PBMC-E04,PBMC-E15,0,2,0.8164827204782085,79.80552890028342,40.2668,55.3166,15.049799999999998
PBMC-E02,PBMC-E17,0,2,0.8473851533984603,71.99009489009488,6.541675,42.87525,36.333575
PBMC-E02,PBMC-E18,0,2,0.8478067822793554,72.29009489009489,6.541675,56.45825,49.916575
PBMC-E03,PBMC-E16,0,2,0.8481923699688206,64.31439864856432,40.4,46.14575,5.745750000000001
PBMC-E02,PBMC-E16,0,2,0.8558190296608803,72.16737216737218,6.541675,46.14575,39.604075
PBMC-E03,PBMC-E18,0,2,0.8667161526383497,69.63291716708284,40.4,56.45825,16.05825
PBMC-E04,PBMC-E17,0,2,0.8767085632256404,69.81754091229543,40.2668,42.87525,2.6084499999999977
PBMC-E01,PBMC-E17,0,2,0.9008180323461558,76.83499999999998,60.5832,42.87525,17.707949999999997
PBMC-E04,PBMC-E18,0,2,0.9041916358218094,80.41754091229545,40.2668,56.45825,16.191449999999996
PBMC-E01,PBMC-E16,0,2,0.9094803776470497,77.01227727727726,60.5832,46.14575,14.437449999999998
PBMC-E01,PBMC-E18,0,2,0.9216728743974187,77.13499999999999,60.5832,56.45825,4.124949999999998
PBMC-E04,PBMC-E16,0,2,0.9283416795680258,84.10983320458773,40.2668,46.14575,5.878949999999996
PBMC-E06,PBMC-E21,0,3,0.9477380709152269,88.82091117908882,50.3832,71.25,20.866799999999998
PBMC-E06,PBMC-E16,0,2,0.9528880803024151,77.16617738837716,50.3832,46.14575,4.237450000000003
PBMC-E06,PBMC-E18,0,2,0.9691869204401595,77.28890011109989,50.3832,56.45825,6.075049999999997
PBMC-E06,PBMC-E17,0,2,1.0421221239475944,86.22091117908882,50.3832,42.87525,7.507950000000001
