run_id,well,replicate,plate_id,cell_prep_id,medium_prep_id,sample_id,assay_protocol_version,timepoint_hours,viability_pct,raw_file_ref,qc_status,exclusion_reason,operator,run_date
REC-PBMC-R4-slot3,B3,4,,,,,,72,,,pending,,,
REC-PBMC-R4-anchor,B4,3,,,,,,72,,,pending,,,
REC-PBMC-R4-slot4,B6,4,,,,,,72,,,pending,,,
REC-PBMC-R4-slot2,B7,1,,,,,,72,,,pending,,,
REC-PBMC-R4-slot3,B11,3,,,,,,72,,,pending,,,
REC-PBMC-R4-slot1,C5,1,,,,,,72,,,pending,,,
REC-PBMC-R4-slot1,C7,4,,,,,,72,,,pending,,,
REC-PBMC-R4-slot2,D4,3,,,,,,72,,,pending,,,
REC-PBMC-R4-slot4,D11,3,,,,,,72,,,pending,,,
REC-PBMC-R4-slot1,E5,2,,,,,,72,,,pending,,,
REC-PBMC-R4-anchor,E7,1,,,,,,72,,,pending,,,
REC-PBMC-R4-slot4,E8,2,,,,,,72,,,pending,,,
REC-PBMC-R4-slot2,E9,2,,,,,,72,,,pending,,,
REC-PBMC-R4-slot1,F2,3,,,,,,72,,,pending,,,
REC-PBMC-R4-anchor,F5,4,,,,,,72,,,pending,,,
REC-PBMC-R4-slot4,F7,1,,,,,,72,,,pending,,,
REC-PBMC-R4-slot3,F8,1,,,,,,72,,,pending,,,
REC-PBMC-R4-anchor,G5,2,,,,,,72,,,pending,,,
REC-PBMC-R4-slot2,G9,4,,,,,,72,,,pending,,,
REC-PBMC-R4-slot3,G11,2,,,,,,72,,,pending,,,
